VcsUrl,JobName,WeightedMiddle,AverageRatio,HighestRatio,LowestRatio,ValidBuildCount
https://github.com/zeit/now-cli,install,0.6630111765974211,0.668918051699586,0.9742183120959388,0.4009757388975233,4643
https://github.com/hashicorp/nomad,test-e2e,0.7050075865073393,0.6792522860408795,0.8197355737975128,0.22736072995211765,7303
https://github.com/twreporter/twreporter-react,build,0.582659395511083,0.47433142663100913,0.8282794726765538,0,1072
https://github.com/ethereum/solidity,test_emscripten_solcjs,0.7486610301760316,0.7041838853397451,0.9981986430112754,0.26315422572137814,8056
https://github.com/ethereum/solidity,t_ubu_release_cli,0.7641345314170193,0.7733092289594632,0.9974636175797666,0.43268370647308513,8461
https://github.com/hashicorp/nomad,test-devices,0.7455127844832256,0.7257472001088369,0.9035562776999635,0.5966461047957498,8008
https://github.com/elementor/elementor,php55-wp-latest-build,0.8227971938570526,0.7371324224227106,0.8859680662083854,0.4705696903498521,1658
https://github.com/nusmodifications/nusmods,checkout,0.6339454345572147,0.619416354832815,0.7711041656023977,0.3421487697815099,13697
https://github.com/fishtown-analytics/dbt,integration-redshift-py36,0.6856656167003015,0.5943100952130933,0.9831792084530513,0.06573117112247498,2825
https://github.com/artsy/reaction,yarn/test,0.6365514882577281,0.6021079278568611,0.9883381173595641,0.18143417795329092,892
https://github.com/ant-design/ant-design,check_metadata,0.6361346661301382,0.665502375678945,0.7994683833587036,0.6133602460201285,11971
https://github.com/circleci/circleci-docs,reindex-search,0.5979781547651415,0.5176235146763992,0.801938205571524,0.08785986752432634,1368
https://github.com/electron/electron,linux-x64-release-summary,0.2333886399329159,0.27982767426749505,0.8019510247996057,0.07150343395088017,445
https://github.com/storybookjs/storybook,docs,0.7184104821771184,0.6760840513766163,0.7902939358476053,0.2702340030514146,17316
https://github.com/activeadmin/activeadmin,upload_coverage,0.6221608565925664,0.554781467969085,0.792265814483568,0.0408941807072702,1599
https://github.com/facebook/react,lint,0.7056299763135873,0.6816004289693791,0.8566272443185842,0.47825467458718895,3705
https://github.com/envoyproxy/envoy,tsan,0.7221578508269438,0.5875021097977726,1.029954869777121,0,12042
https://github.com/angular/angular,test_aio_local,0.783859036406991,0.7380411424863466,0.9945396995605349,0.1556645584071669,32863
https://github.com/uktrade/data-hub-frontend,unit_tests,0.5776948123888933,0.5562067013987962,0.9219775554876338,0,7857
https://github.com/diem/diem,prefetch-crates,0.6752765898742884,0.6902215390010245,0.786934376093582,0.503918648282035,19435
https://github.com/storybookjs/storybook,packtracker,0.7200178122937767,0.7089646561263289,0.8413420698170349,0.5606137425255074,9976
https://github.com/horizon-eda/horizon,teststyle,0.5053203176274601,0.4114331651682367,0.7043008230240895,0.047908113482370784,846
https://github.com/influxdata/influxdb,e2e,0.7526911315913967,0.7326486435134764,1.0062040321365024,0.5017878128658402,21038
https://github.com/gatsbyjs/gatsby,windows_unit_tests,0.6639407192947431,0.4555514187863031,0.8422554559708213,0.08519694597345201,18991
https://github.com/citusdata/citus,check-style,0.718394374166495,0.6976635741500581,0.9715173702211672,0.06395150962582434,10105
https://github.com/hashicorp/consul,dev-upload-s3,0.6725071050418108,0.7076394047237188,0.919185891255115,0.6208537177100106,9478
https://github.com/cloudify-cosmo/cloudify-manager,test_clientv3_endpoints,0.6517659674797367,0.5821495817010027,0.8842185190117395,0.09002975710194092,2189
https://github.com/bazelbuild/rules_nodejs,lint,0.6702133260752818,0.5721677558412274,0.729043073476585,0.25521332434910415,6017
https://github.com/badges/shields,e2e,0.6692036640688236,0.6652612961387993,0.747281041991375,0.5152694588889036,7432
https://github.com/vercel/hyper,install,0.5015151177724573,0.46073577775679503,0.7943730250319889,0,2646
https://github.com/gatsbyjs/gatsby,bootstrap,0.3089327135344334,0.28598689120423837,0.6318295469087871,0.09045985142952563,42655
https://github.com/badges/shields,main,0.6315841369641426,0.6048904301510201,0.8064744198043463,0.29436633046752436,12603
https://github.com/Mirantis/virtlet,prepare_build,0.3135150300312509,0.25363352349732804,0.6467331000811896,0,870
https://github.com/keystonejs/keystone,simple_tests,0.2953792978984948,0.4367816130381639,0.8930007668528241,0.20510969217882347,4005
https://github.com/os-autoinst/openQA,cache,0.7226183736232644,0.6659652237755249,0.9175626260812335,0.3354944086345132,4025
https://github.com/AntennaPod/AntennaPod,Build debug,0.618610507480275,0.6141503992904325,0.7139581735195175,0.5420555139315597,2161
https://github.com/angular/angular-cli,lint,0.6570327517695148,0.6281756388426734,0.739491525851433,0.44177269787102275,15024
https://github.com/helm/charts,lint-scripts,0.23162377037618626,0.253059149894613,0.6983903884293323,0.15007739172871715,44317
https://github.com/grafana/grafana,build,0.7470218720460444,0.5806307091548484,1.0958779263365213,0,5803
https://github.com/decidim/decidim,pages,0.7439251068344764,0.7339057458206315,0.8796976801332712,0.4685495621944282,6219
https://github.com/raiden-network/raiden,lint-3.7,0.6389115629084472,0.6144055686829559,0.8747406073506918,0.26541963248325134,8839
https://github.com/storybookjs/storybook,test,0.6654196980579028,0.644922038073799,0.9653574740467079,0.1359426990453605,13165
https://github.com/cloudify-cosmo/cloudify-agent,build_agent,0.664424061954079,0.6311210529151057,0.8075721385905248,0.22950289733212148,1677
https://github.com/electron/electron,mac-checkout-and-save-cache,0.24230567426978947,0.23574804612408423,0.3154664411763148,0.15505528864581453,14223
https://github.com/storybookjs/storybook,smoke-tests,0.7604032173425691,0.7326816120650814,0.9767672415343197,0.20925494500190386,16919
https://github.com/angular/components,ivy_snapshot_test_cronjob,0.6695900109073935,0.6348300118401873,0.7008383427636197,0.5835930488219402,1864
https://github.com/cuberite/cuberite,clang-tidy,0.7026154939303282,0.5063339242889348,0.936590966385675,0,2415
https://github.com/LLK/scratch-gui,store_build,0.7015532749279639,0.6705874678294862,0.8729315850235595,0.23674799573880276,2411
https://github.com/norio-nomura/docker-swift,docker-swift-updater,0.6418705941370478,0.6286550428461728,0.7744072243687488,0.39541146401945454,44534
https://github.com/storybookjs/storybook,lint,0.6970977075663087,0.7106903818224076,0.9241648895469728,0.5877324631514695,16245
https://github.com/Automattic/wp-calypso,prime-calypso-live,0.6294770157648605,0.5910351975902495,0.7987414952286248,0.2819167295815339,47354
https://github.com/Rise-Vision/rise-vision-apps,e2e_common_header,0.6914154030458093,0.6823541111108996,0.7385161292480289,0.6095449259065088,2068
https://github.com/demisto/content,Server 5_5,0.6811773948069441,0.5785804558622056,0.8930907435281265,0.34658701309091866,8824
https://github.com/expo/expo,home,0.6801348661860992,0.6171425676049344,0.9512525376587125,0.07996128133452741,10640
https://github.com/hashicorp/consul,dev-build,0.6960993889615507,0.6848818194095546,0.7566519458864774,0.5733873594572659,27154
https://github.com/citusdata/citus,test-11_check-multi,0.6490466497633816,0.5770746572553623,0.8218628269118016,0.275466717168523,6924
https://github.com/cri-o/cri-o,shfmt,0.690782789112906,0.5696083711994477,0.7269041226903273,0,2399
https://github.com/helm/charts,lint-charts,0.7202398497293306,0.7097951143368626,0.8254155046485975,0.6249383607501834,36617
https://github.com/palantir/tslint,test2.9,0.6948373817972728,0.5892800764861053,0.8841937713070384,0,886
https://github.com/angular/angular,test_aio_preview,0.6528703065657219,0.6367485905420645,0.7728866169341766,0.36573192668463145,28581
https://github.com/mui-org/material-ui,test_unit-1,0.6175644912747121,0.6151712866023311,0.791224868258812,0.419686494859549,10811
https://github.com/gatsbyjs/gatsby,integration_tests_long_term_caching,0.32556411036872684,0.3186995983782737,0.4944117801242517,0.0774427701664353,19008
https://github.com/samvera/hyrax,build-2,0.08252785539691594,0.34558440689114933,0.9481926526494547,0.012924423922565407,2248
https://github.com/cBioPortal/cbioportal,pull_frontend_codebase,0.6705139839437554,0.6576556709824227,0.7340085910533298,0.51799466809933,1872
https://github.com/u-root/u-root,bb_arm64,0.6246761752044331,0.5971101919074624,0.6424735051112596,0.4602799240798698,942
https://github.com/nuxt/vue-meta,test-unit,0.6656420861626781,0.6128400725496943,0.9264072469199157,0.383140320391744,1052
https://github.com/prometheus/prometheus,fuzzit_regression,0.7023487469996195,0.6818309524996483,0.786042933424338,0.5924658489642913,5799
https://github.com/angular/angular,publish_snapshot,0.2867550983861219,0.282993209424208,0.45391342416287,0.17832608412951984,28051
https://github.com/ant-design/ant-design,lint,0.6767603255758127,0.6589137503186165,0.8586840344269941,0.08912749250256283,16986
https://github.com/tootsuite/mastodon,install,0.5209723933882433,0.5364789896496139,0.8301197496438237,0.34989340578610917,14291
https://github.com/hashicorp/consul,envoy-integration-test-1.8.0,0.48305382447550127,0.41835952031787077,0.8492860860630607,0.18479747964678328,3581
https://github.com/artsy/metaphysics,test,0.6540501189916448,0.6089807541429322,0.8581517609530999,0,4409
https://github.com/n6g7/redux-saga-firebase,docs,0.6732484283112808,0.603770308432164,0.7940530362615205,0.15688653349768647,2035
https://github.com/circleci/circleci-docs,build,0.68630928401309,0.6690750810640248,1.0239544073384537,0.30403399496366057,7901
https://github.com/dwavesystems/dimod,test-win-py35,0.612343981391799,0.5207263984091914,0.75674459786251,0.072388259752356,345
https://github.com/hashicorp/consul,check-vendor,0.6787077712112399,0.6603298868792326,0.7438760537666168,0.31648862647200904,16640
https://github.com/angular/components,bazel_build,0.6580852669359499,0.6404658780251855,0.6960404990707014,0.501644376599409,8754
https://github.com/hanami/utils,ruby-2.6,0.3465350008270297,0.2681470780588762,0.654296953883362,0,162
https://github.com/envoyproxy/envoy,api,0.7769900497414113,0.7271032948616846,1.0957609863169786,0.02447401141562572,34234
https://github.com/tensorlayer/tensorlayer,test_sources_py2_cpu,0.7059181377840602,0.5775876312786504,0.9165312653843853,0,1849
https://github.com/tetherless-world/whyis,build_test_and_deploy_monolithic_docker_image,0.5837057540726589,0.3942392819314907,0.7819092102685739,0,349
https://github.com/falcosecurity/falco,cleanup/packages-dev,0.5788202000199585,0.4015210753778378,0.592587264641268,0.16841108680857744,52
https://github.com/grafana/grafana,grafana-docker-pr,0.41183900111998883,0.43985589800051633,0.9636511920705464,0,10481
https://github.com/grommet/grommet,bundlesize,0.6472350351465561,0.664087781560091,0.7736369878589013,0.6020924295563301,5000
https://github.com/hashicorp/consul,frontend-cache,0.6710564041222241,0.6381901360543748,0.7503543056624377,0.4565065933700797,11325
https://github.com/envoyproxy/envoy,build_image,0.6123850105798158,0.5398939492492282,0.7986427735734225,0,18617
https://github.com/tendermint/tendermint,prepare_build,0.7248603281006164,0.6859769526185459,0.8186294228014086,0.32980682369502773,7210
https://github.com/pytorch/vision,binary_linux_wheel_py3.5_cu101,0.5977871457407278,0.543365132606009,0.8582918786695866,0.17993190740087753,1347
https://github.com/astropy/astropy,32bit-and-parallel,0.6638310895461746,0.6526119226465716,0.8942907671258896,0.24148645629675639,2294
https://github.com/pytorch/vision,binary_linux_wheel_py3.8_cu102,0.4211215954634273,0.4218740446985153,0.6609110547414492,0.2752409202234601,2972
https://github.com/getredash/redash,legacy-python-flake8-tests,0.6311290693607476,0.4744275846117635,0.6681228347781201,0,4326
https://github.com/BenWoodworth/FastCraft,build-test-deploy,0.7219259293277793,0.49229848701967643,0.8364650909201543,0.12813457569883113,621
https://github.com/hashicorp/consul,test-connect-ca-providers,0.6752864093895465,0.6664351095962039,0.7034758771016345,0.6081588497255767,5225
https://github.com/hashicorp/consul,lint,0.7091212374935172,0.7129687355307949,0.8258458828102817,0.6493114167063725,4913
https://github.com/ant-design/ant-design,test_lib_15,0.7854984076468132,0.6807012997688117,0.9406344068612885,0,7766
https://github.com/electron/electron,osx-testing-gn-check,0.6435974036910198,0.550659906463973,1.1254083554905774,0.09389686802189685,15026
https://github.com/Harmon758/Harmonbot,test-python,0.49616317525792814,0.5023761554267877,0.7118271225900002,0.37360257699359806,6807
https://github.com/influxdata/telegraf,test-go-1.11-386,0.7474064173368398,0.7321278849763151,0.9840925167803497,0.5530998873539256,1736
https://github.com/gatsbyjs/gatsby,e2e_tests_development_runtime,0.20026796981432388,0.20797880062244542,0.3073282637219099,0.08934001646113217,19422
https://github.com/ionic-team/ionic-framework,build-react-router,0.7068164332157534,0.6367753778465344,0.7504997656361556,0.0241682360326428,2928
https://github.com/department-of-veterans-affairs/vets-website,eslint-check,0.6728443704509696,0.6475696510333139,0.7405964928316351,0.49873250169943184,13252
https://github.com/angular/angular,test_aio_tools,0.7365059264336955,0.7118371547053768,0.8597685704328472,0.5886616866891894,35690
https://github.com/grafana/grafana,shellcheck,0.6147477157216913,0.5614438265307011,0.9012720972692038,0.12205112990239932,18104
https://github.com/quiltdata/quilt,test-lambda-indexer,0.6821023530282211,0.6223173636864189,0.7574580744665026,0.1876747565438561,1581
https://github.com/salsita/node-pg-migrate,test-node-6,0.5765962442467737,0.5541368701205059,0.7756212718907954,0.1522463937962533,366
https://github.com/citusdata/citus,test-12_check-iso-work-fol,0.672251540778955,0.4770311870396026,0.7878362775609054,0.023091329634642836,5010
https://github.com/gatsbyjs/gatsby,integration_tests_gatsby_pipeline,0.340898036798034,0.33053960319347414,0.5078491101292808,0.08580688715774733,18892
https://github.com/nails/module-auth,build,0.5800758026826165,0.532627691321934,0.8571840876334633,0.1610402773245416,476
https://github.com/envoyproxy/envoy,coverage,0.6596421166929484,0.6180322115201706,1.114971109213555,0.025338883116568182,18672
https://github.com/miykael/nipype_tutorial,test_1,0.6751940754707731,0.4260892187298674,0.7331892603386494,0,201
https://github.com/diem/diem,docker-ci-build-3,0.3937252030275376,0.37687205714141747,0.43035296354825,0.32056386758987054,6692
https://github.com/dwavesystems/dimod,test-osx-py34,0.26044463021593084,0.19852102106432595,0.26044463021593084,0.1303886518279321,62
https://github.com/thelastpickle/cassandra-reaper,c_4-0_one-reaper,0.5124494631057833,0.4940325481695272,0.9145458092131057,0,765
https://github.com/jemc/pony-crdt,vs-ponyc-master,0.5859954163607319,0.5461786816803891,0.8790512307704597,0.11431811738020972,543
https://github.com/GNS3/gns3-documentation-template,build,0.779236154680598,0.6322126893453437,0.9551073763016764,0.4574646736122201,3398
https://github.com/aeternity/aeternity,docker_smoke_tests,0.09984201909749187,0.08044867426081392,0.2132979065410236,0.021031028973115,4837
https://github.com/citusdata/citus,build,0.6732005049212584,0.5900674118557574,0.7673929726737138,0.09088131968840686,9080
https://github.com/diem/diem,build-dev,0.5089600043382466,0.47866605154788844,0.8917665796512885,0.2724689678120275,16562
https://github.com/Automattic/wp-calypso,lint-and-translate,0.7031030145573428,0.6805889528639669,1.002352286458414,0.05943565888132745,44341
https://github.com/segmentio/kafka-go,kafka-010,0.5774518448400853,0.459926109400923,0.852130440890296,0.10156227439429366,450
https://github.com/pytorch/vision,nightly_binary_win_wheel_py3.6_cu102,0.3833371213685161,0.43957400441044603,0.7194060090350308,0.08432885936306161,276
https://github.com/angular/angular,test_win,0.4267623332737968,0.43626812542523036,0.7234822077647779,0.2059486350068963,5706
https://github.com/tendermint/tendermint,test_abci_cli,0.6779707142947263,0.565107797443563,0.7732969980626188,0,7947
https://github.com/ethereum/solidity,b_ubu_cxx20,0.7701939598154902,0.73316922178956,0.8664283184618327,0.3919607233993272,10646
https://github.com/MichaelAquilina/S4,test-3.5,0.20840006020448942,0.25405953241822604,0.5354161931266772,0.048235656001396725,157
https://github.com/electron/electron,linux-arm64-testing-gn-check,0.7497772395779575,0.7585632580942473,0.8593707930529958,0.7033705341349253,18776
https://github.com/decidim/decidim,build_design_app,0.7065662207811586,0.6200472368710356,0.9411418578814706,0.3198735242718948,6209
https://github.com/rubocop-hq/rubocop,ruby-2.6-ascii_spec,0.7032067797932346,0.6833301295343648,0.8419869743983198,0.46794401023705084,5263
https://github.com/matsp/material-components-vue,docs,0.6447416804814643,0.6716184228092533,0.838240381635341,0.47471811277099235,1558
https://github.com/hashicorp/vault,build-go-dev,0.7386076687252346,0.6481458256892451,0.9735191828351956,0.1885934985644058,11610
https://github.com/apollographql/react-apollo,Server,0.7091596551132012,0.6822362281637205,0.8513933706584629,0.29324332814086396,3747
https://github.com/electron/electron,linux-x64-testing-tests,0.7414410504347201,0.7095467221798051,1.036181653157398,0.25480297116884204,17985
https://github.com/angular/angular,test_zonejs,0.6914472985904464,0.6819851803999717,0.7946414337855663,0.40389576421426,23429
https://github.com/Rise-Vision/rise-vision-apps,e2e_schedules,0.6855620148802981,0.6683588214934455,0.786299752568628,0.19722041836067494,3991
https://github.com/storybookjs/storybook,example-kitchen-sinks,0.778194982829351,0.7024636670733926,0.9289150157284722,0.2558257567659979,1825
https://github.com/facebookresearch/ParlAI,unittests_37,0.7475269922930923,0.7571895956758141,1.1509794845853638,0.35922916668574784,4839
https://github.com/cloudfoundry-community/splunk-firehose-nozzle,deploy-nozzle,0.6209504874189289,0.44487335574700493,0.7809349677820083,0,217
https://github.com/bioconda/bioconda-recipes,lint,0.7467807105579494,0.7430440319912964,0.9640142717940912,0.4651683324043977,31578
https://github.com/cucumber/cucumber-ruby,ruby-2.4,0.5431872248528371,0.3427082947766172,0.8032634165732616,0,160
https://github.com/syuilo/misskey,build-v11-node12,0.5692685178575667,0.28476415973180647,0.5692685178575667,0.00025980160604619005,13
https://github.com/cBioPortal/cbioportal-frontend,check_incorrect_import_statements,0.6408525376454557,0.634081643314055,0.6898676064404068,0.5743521591962668,2381
https://github.com/u-root/u-root,race,0.7071633859176726,0.6228337626916018,1.0303226524393492,0.0465943495755472,3630
https://github.com/apollographql/react-apollo,Node.js 8,0.6855752351849319,0.6753665635418433,0.7945024572864428,0.2944542230653429,5112
https://github.com/angular/angular,test_docs_examples_viewengine,0.6746134381547314,0.6373161926753108,0.7271017689308306,0.35910488302159765,9080
https://github.com/thelastpickle/cassandra-reaper,c_2-0_memory,0.6514559507837037,0.5493502721155299,0.889342375766847,0.10757558846159637,599
https://github.com/elementor/elementor,php72-wp-latest-build,0.7742174698460745,0.700856862807822,1.0024057454738047,0.40477109161399843,2134
https://github.com/pytorch/vision,binary_linux_wheel_py3.7_cpu,0.4225088809588042,0.4497698986343976,0.695808388464424,0.2831845209644775,4415
https://github.com/GrowMoi/moi-front-end,build,0.654932773086796,0.46165209500897336,0.7616382722387713,0.0809948966707464,142
https://github.com/hashicorp/packer,build_freebsd,0.6664881870372997,0.6649091111224834,0.8316052088691989,0.5439388718891509,5858
https://github.com/angular/angular,setup,0.72148260976443,0.7036120207918448,0.8947387765520837,0.6095298700638884,38227
https://github.com/angular/components,bazel_build_test,0.7311812287592915,0.641588351814137,0.8284185623217117,0.10892459573397452,3532
https://github.com/vimeo/psalm,test-with-real-projects,0.6487900384912335,0.665869171285101,0.8659752409431813,0.5030924965689603,2267
https://github.com/cBioPortal/cbioportal-frontend,install,0.1950045661502705,0.25366678643536483,0.9301305335835796,0.11095389330748807,13275
https://github.com/plotly/plotly.js,test-syntax,0.7515528516565423,0.6781795714825074,0.8923934325114361,0.15080303914122323,8818
https://github.com/ethereum/solidity,t_ubu_asan_constantinople,0.5148216237978308,0.517274695583967,1.0003417061473012,0.08708214528630913,5786
https://github.com/gogetdata/ggd-cli,test-macos-python2-part1,0.6106467022730342,0.579376914756925,0.837779589693976,0.22786599826292983,345
https://github.com/ethereum/solidity,t_osx_cli,0.6667540274090618,0.6133285627614411,0.9318540890431062,0.13729485812552794,8682
https://github.com/ministryofjustice/Claim-for-Crown-Court-Defence,test-slack-formatting,0.04681232736286569,0.04681232736286569,0.04681232736286569,0.04681232736286569,14
https://github.com/ministryofjustice/Claim-for-Crown-Court-Defence,brakeman,0.644343248539465,0.5159786823920333,0.6591469390683864,0.1795748198232942,861
https://github.com/7imbrook/timbrook.life,deploy_door_service,0.5634301684010768,0.49909064936566483,0.5634301684010768,0.43475113033025276,69
https://github.com/OHIF/Viewers,DOCKER_MASTER_PUBLISH,0.14547737053167598,0.2541408832636777,0.7133359405705331,0.06764262889976079,267
https://github.com/raiden-network/raiden,lint-3.8,0.6189172708758691,0.6273226224963836,0.7176724157305358,0.591101555727892,1220
https://github.com/apollographql/apollo-server,Docs,0.6443401006988081,0.5949898410232076,0.8633882615469379,0,7034
https://github.com/diem/diem,build-docs,0.5756527446672898,0.6295447297753738,0.7729564006591884,0.5710021048333548,8793
https://github.com/freedomofpress/securedrop,app-tests,0.41132469605872907,0.4014197457584967,0.8871264505906229,0.030401185845922968,1712
https://github.com/Azure/acs-engine,test,0.825665065040863,0.6898560689051233,0.9193489765823996,0.3876790791102183,3371
https://github.com/storybookjs/storybook,e2e,0.679873506574291,0.6902814654425219,0.7971791890503865,0.6161391531511083,6597
https://github.com/yunity/karrot-frontend,deploy-dev,0.6505127543725627,0.5749158216138933,0.9061258737738247,0.16936520968387692,942
https://github.com/mirai-audio/mir,build,0.6002170648423333,0.4909583250149022,0.7334014867673759,0,783
https://github.com/angular/angular,lint,0.7149538421316828,0.6933138694338156,0.8803817808085252,0.3486677840094138,39015
https://github.com/ethereum/solidity,t_ubu_clang_soltest,0.7433339794635382,0.7413349252027358,0.9460736444864527,0.49223301544307124,7815
https://github.com/helm/charts,sync,0.7624794045293392,0.7276378684017635,1.0227582701687081,0.47594637013191204,40450
https://github.com/artsy/reaction,yarn/update-cache,0.6426355115140877,0.6071434692360096,0.8202743349184622,0.06021071255417743,5892
https://github.com/facebook/react,RELEASE_CHANNEL_stable_yarn_test_prod,0.7203005551935892,0.4949403233447843,0.757780767100218,0,2742
https://github.com/ngrx/platform,schematics-core-check,0.6826067904839356,0.643219893913048,0.8023203945262107,0.44558016508880394,2401
https://github.com/Automattic/wp-calypso,test-full-site-editing,0.6797177302969424,0.6639139651010436,0.7050641874424463,0.5804158284033766,21384
https://github.com/huggingface/transformers,check_code_quality,0.6651667383862148,0.6624580993766236,0.78383252061895,0.13165663946136405,10554
https://github.com/ngrx/platform,lint,0.6499064844672553,0.555358944670183,0.7605034006885554,0,3283
https://github.com/grafana/grafana,postgres-integration-test,0.7804763030401879,0.7037199881176817,0.9586173544206146,0,26134
https://github.com/yunity/karrot-frontend,update-dependencies,0.3535378625098244,0.4080904268300225,0.6266465622810958,0.14373813581402534,110
https://github.com/Automattic/wp-calypso,test-client,0.7348452254859583,0.7037247224172316,0.8981058415044183,0.3826164589673603,47798
https://github.com/ionic-team/ionic-framework,build-vue,0.7007095269503194,0.657111105318906,0.7095740843714369,0.5729805008650745,611
https://github.com/cossacklabs/themis,php71,0.6759840481350037,0.5826010196479603,0.8521217681257511,0,1657
https://github.com/velop-io/server,release,0.554884109313987,0.5519078329650987,0.7934991056951322,0.3595413779361077,347
https://github.com/zulip/zulip,xenial-legacy,0.6824019106166302,0.654592549456551,0.6976109605318487,0.49497090212744815,5834
https://github.com/esl/MongooseIM,ldap_mnesia_22,0.36681802334905356,0.5111696248408112,0.7182036341691661,0.35132481870284377,510
https://github.com/angular/angular,test_aio,0.7597375002749721,0.7171256718851877,0.9240101008066371,0.1686010926294923,34855
https://github.com/auth0/Auth0.swift,build-iOS-Swift-5.1,0.4273566453057018,0.4201223301832142,0.6835705770521378,0.16397518956337007,299
https://github.com/expo/expo,docs,0.16843475916617984,0.3287901751039975,0.8243759476450533,0.018323100940530683,8902
https://github.com/activeadmin/activeadmin,lint_and_docs,0.38353919375122847,0.45837431428217273,0.8303160408155555,0.22550305363292877,2154
https://github.com/labzero/lunch,deploy-staging,0.6313088446312362,0.40103160104147684,0.8364472158921287,0,48
https://github.com/grafana/grafana,test-backend,0.7530529963076961,0.7551691819658602,1.0446287661978682,0.3389735735030896,28287
https://github.com/LMMS/lmms,mingw64,0.6172177007115396,0.5532056733370282,1.0191304727985175,0.1436427664513327,2035
https://github.com/diem/diem,validate-cluster-test-dockerfile,0.7601111915416003,0.6807707759035295,0.8237121277894399,0.4474823990976341,14176
https://github.com/googleapis/gapic-showcase,build,0.58399944148865,0.6026564429115832,0.8319775845438401,0.08366499861446301,1829
https://github.com/influxdata/influxdb,golint,0.6951413828269127,0.6726025891021151,0.923930948264436,0.36399295573433527,8925
https://github.com/gismo/gismo,macos_x86_64_xcode10_cxx98_release,0.4845181543834874,0.48963932489494993,0.4947604954064125,0.4845181543834874,61
https://github.com/cloudify-cosmo/cloudify-manager,test_clientv3_1_endpoints,0.6872235370072759,0.6316572946568374,0.882180462065527,0.09260320812380649,2851
https://github.com/char0n/ramda-adjunct,test_node_11,0.7587735167828791,0.6147699526452464,0.8779942497872262,0,1592
https://github.com/storybookjs/storybook,build,0.6800044381943993,0.6817100390210626,0.9028886442481451,0.5070172853112489,18268
https://github.com/grafana/loki,test-helm,0.6583874915603772,0.5869884071895097,0.9223797865551541,0.1789628366051055,3860
https://github.com/openstandia/keycloak-documentation-i18n,deploy,0.6265656883308657,0.5596988303915932,0.7812616292983252,0,4999
https://github.com/grommet/grommet,build,0.6534715445185688,0.6621575159514148,0.769684125379872,0.4276733292182455,5219
https://github.com/helm/helm,build,0.3557082413324388,0.3389984503385554,0.5823848735277116,0.08326864926078692,5473
https://github.com/electron/electron,linux-arm-testing,0.5189277537436563,0.5449651509170338,1.0466551335743661,0.22508415899248121,21706
https://github.com/micahflee/onionshare,test-cli,0.6190760664428813,0.5238172673171904,0.6190760664428813,0.3685295579303876,87
https://github.com/quiltdata/quilt,build,0.7377202414747682,0.6955178806577406,0.8394445871720458,0.5774930302273192,3035
https://github.com/ethereum/solidity,b_osx,0.30343777668568817,0.4665754680815759,0.8086283332423341,0.20953246640684153,10686
https://github.com/Automattic/wp-calypso,setup,0.7604277922262485,0.7375851359537209,1.019798280626323,0.03148417990090827,61344
https://github.com/vuejs/vue-loader,build,0.42189490604283725,0.3655656609899258,0.6157692409198069,0,106
https://github.com/xodio/xod,dist-linux,0.23855653128665932,0.24158234359504896,0.8998722686806787,0,102
https://github.com/mozilla-services/screenshots,test,0.7199495246488338,0.7352971851820691,0.8424275248624349,0.4762067185930129,2385
https://github.com/angular/angular,build-npm-packages,0.6552588488455948,0.632211658557281,0.7596191782022613,0.24935778814402904,31066
https://github.com/apigee/apigee-m10n-drupal,run-unit-kernel-tests,0.3089791865668047,0.3191506597813965,0.5645326907563315,0.17194301767329334,339
https://github.com/pytorch/vision,binary_linux_conda_py3.7_cu101,0.48760223705049005,0.5589079206233747,0.9887571886242363,0.23753835540023469,3124
https://github.com/grommet/grommet,lint,0.652502953295704,0.6618230949140668,0.7641518988514779,0.4528367589573241,5121
https://github.com/glpi-project/glpi,checkout,0.7677042782083763,0.7655706391040205,0.9338111465684518,0.6004874057264075,6659
https://github.com/envoyproxy/envoy,format,0.34091575014212944,0.4179374185147225,0.8324801309197484,0,16099
https://github.com/gwpy/gwpy,conda:3.7,0.3568623657993535,0.3764662220775779,0.6383879411517578,0,571
https://github.com/Automattic/wp-calypso,icfy-stats,0.8062821318454015,0.7325071055501865,0.9207632870023092,0.3427444418197959,33283
https://github.com/OHIF/Viewers,docs_publish,0.6004098576917516,0.539011820216782,0.6706202523542909,0.2009338570822792,168
https://github.com/tribou/jest-serializer-path,node-6,0.3475440763802325,0.3940993396738217,0.440654602967411,0.3475440763802325,40
https://github.com/envoyproxy/envoy,ipv6_tests,0.5021198429531081,0.6034406162356185,0.89872770221056,0.21324593302723005,12152
https://github.com/mozilla/normandy,js-tests,0.681513731192637,0.6651745486705333,0.7185276344315865,0.48307866040506225,1625
https://github.com/grafana/grafana,build-all,0.658290669686683,0.5961976313013356,0.9066872768671689,0.14856491836446312,4664
https://github.com/mozilla/addons-server,integration_test,0.6492345216780875,0.6369430477340071,0.9608705020435424,0.22756168342027633,6288
https://github.com/googleapis/gapic-generator-typescript,showcaseTestApplications,0.6881479454755643,0.6428630639889902,0.7779231058642432,0.47581815214182843,1756
https://github.com/kubernetes-retired/kubeadm-dind-cluster,test_v1.13_bridge_docker,0.5448089792691231,0.2670383065088378,0.6127733699481338,0,64
https://github.com/microauth/microauth-vkontakte,checkout_code,0.6318717631606205,0.4875684262038817,0.8080059344858904,0.05079950579261202,441
https://github.com/Automattic/wp-calypso,test-server,0.6870696093637327,0.6780542460148012,0.8963998107870647,0.5458517623569132,50445
https://github.com/Automattic/wp-calypso,build-full-site-editing,0.6912159485233604,0.6605948839514533,0.7189904686628416,0.3441218265867916,25085
https://github.com/Zenika/marcel,build_backend,0.7694944800331376,0.6378904329070124,0.7694944800331376,0.5222165048722341,70
https://github.com/glpi-project/glpi,php7.2,0.6912127145016584,0.5951757421109306,0.821066692643066,0.051237263464337456,1952
https://github.com/georgeyk/loafer,build_py37,0.5942497091034188,0.4577795644630346,0.7659309604594455,0,299
https://github.com/canonical-web-and-design/ubuntu.com,linkchecker,0.7908078409339709,0.6156210202805416,1.149513172846405,0,4282
https://github.com/huggingface/transformers,run_tests_pipelines_tf,0.6834596020863086,0.6522503044256303,0.7688267671576912,0.4244712573481185,3136
https://github.com/ant-design/ant-design,dist,0.7081039369695331,0.6741998805339536,1.062115153704015,0.09898128129189707,18256
https://github.com/apollographql/apollo-server,NodeJS 10,0.5363199753721697,0.5339337605432647,0.817032340910311,0.3313906994607655,7504
https://github.com/cds-snc/digital-canada-ca,hugo,0.6901531943923862,0.6864139560772924,0.8401621939051332,0.5656691843311171,4356
https://github.com/cloudera/hue,build,0.6980473803272661,0.644244436292608,0.8524021143631001,0.35860014475110147,1979
https://github.com/demisto/content,Setup Environment,0.733367418701311,0.7061598493699316,0.7930413885823421,0.42151933094262956,18099
https://github.com/giantswarm/aws-operator,build,0.6282661313684295,0.49496451668500374,0.9308755046157774,0.14493851750310097,5543
https://github.com/angular/angular,test_docs_examples_ivy,0.8505609544753788,0.6370724900822069,0.9608005430476123,0,18780
https://github.com/gatsbyjs/gatsby,unit_tests_node8,0.27986975761516963,0.3166303263683388,0.8586787064179701,0.04036965645463368,24419
https://github.com/palantir/gradle-baseline,unit-test-14,0.6024090153892712,0.6168207906295656,0.705692582136679,0.5181054504480378,430
https://github.com/decidim/decidim,comments,0.7298354347429694,0.7186291678065345,0.888656342179384,0.4286185584244346,5931
https://github.com/ethereum/solidity,test_emscripten_external,0.7403613388447855,0.6558241321631607,1.119531038493655,0.2770105138498647,6413
https://github.com/apollographql/apollo-client,Apollo Client,0.7299664900253465,0.560344616683541,0.845285550539393,0,1428
https://github.com/electron/electron,mas-testing,0.4812801291690943,0.47551184049737205,0.7442203924234505,0.1076969654507684,15240
https://github.com/ethereum/solidity,build_emscripten,0.7037666668137248,0.6860559667761272,0.981185974172824,0.27518567915987596,9536
https://github.com/grafana/grafana,mysql-integration-test,0.7717781310852968,0.7378753560149526,1.0721073817865525,0,26060
https://github.com/facebook/react,setup,0.6677615771533717,0.6881582043388652,0.7824717737434979,0.6017172373265937,27328
https://github.com/angular/angular,test,0.6250137441356353,0.6074178448677398,0.934006835115522,0.30678886812692685,37340
https://github.com/vanilla/vanilla,php_setup,0.6984965993831429,0.6170425213740482,0.7582903026926988,0.062311841862575004,5644
https://github.com/rubocop-hq/rubocop,ruby-2.5-rubocop,0.6441995268832285,0.6649454180628839,0.7830073082069237,0.39055456930605154,6364
https://github.com/angular/components,mdc_snapshot_test_cronjob,0.6333997704198181,0.6276091643449672,0.7360286562222677,0.4509790759742012,7856
https://github.com/massgov/mayflower,patternlab_test,0.7211036349158967,0.6945021525758408,0.9375181753925717,0.16449491550967713,4510
https://github.com/pytorch/vision,unittest_windows_cpu_py3.6,0.7876932603751317,0.6552357850014219,0.840449635213449,0.3908706008747555,1540
https://github.com/COSD-PANDA/seaboard,build,0.7295106592446636,0.7098768526716849,0.827611138697857,0.3492194013353517,29814
https://github.com/citusdata/citus,check-sql-snapshots,0.6411334731613618,0.6341213639526996,0.7165172390713518,0.5714722157722301,9659
https://github.com/Rise-Vision/rise-vision-apps,test_unit,0.7611661941843628,0.72812430276571,0.9886582844134872,0.3928636493007171,4964
https://github.com/envoyproxy/envoy,mac,0.6071820335553859,0.6127628506787268,0.9071680612738799,0.35749940269830266,9796
https://github.com/graphql-go/handler,golang:1.8.7,0.2031696975534184,0.1918498495747397,0.30551283389056005,0.06686701728024054,23
https://github.com/electron/electron,lint,0.7664795349671916,0.7356001693913425,0.8954046639929657,0.4258066299392556,20439
https://github.com/facebook/react,test_source,0.7546337527299578,0.6963694084082305,0.8025584584320447,0.520765971872594,3743
https://github.com/astropy/astropy,image-tests-mpl212,0.7021632469745182,0.7117921710632632,1.112640566807652,0.30526271237465424,8246
https://github.com/cri-o/cri-o,docs-validation,0.7094327743780605,0.6657955769413065,0.7866679390912238,0.16522661758131588,4304
https://github.com/PopulateTools/gobierto,bundle_dependencies,0.2135637145959973,0.2907288722882365,0.6466825421867471,0.10678782846564366,6475
https://github.com/gatsbyjs/gatsby,unit_tests_node10,0.22530698269264293,0.255214041041221,0.4790753154729436,0.12022397485223332,33055
https://github.com/simdjson/simdjson,clang-avx-dynamic,0.7057169635629319,0.5448519425457972,0.7864595368134596,0.19766304295816645,1186
https://github.com/AlexsLemonade/refinebio,affy_agilent_tests,0.6455289812436568,0.5364843542711076,0.8536930137502552,0.01381324938885748,3584
https://github.com/angular/angular,test_docs_examples,0.788717195126269,0.7412112627079418,0.8821987313791813,0.24478559108447467,30781
https://github.com/angular/angular-cli,e2e-cli-ve,0.5213972842865868,0.5522198954893066,0.9359513979886583,0.12624220452425314,6655
https://github.com/Automattic/wp-calypso,typecheck-strict,0.686966229360311,0.5992972009671158,0.710415066826578,0.08297286251864276,19665
https://github.com/massgov/mayflower,patternlab_deploy_branch,0.6786235435117034,0.6543516009223809,0.9012154907492029,0.23965853185580432,4743
https://github.com/angular/angular-cli,test-large-ivy,0.5997972037516937,0.41184521022720466,0.7866242656820011,0,1033
https://github.com/grafana/grafana,codespell,0.686770412166228,0.6753478338755781,0.785137242114423,0.5227599486052734,29876
https://github.com/wordpress-mobile/WordPress-Android,test,0.7438388727485874,0.7208099766490592,0.9396734274616465,0.3572224335944384,10643
https://github.com/Automattic/wp-calypso,test-packages,0.6935103885005078,0.6870472861289426,0.8541346964866313,0.5043667304332748,47433
https://github.com/fishtown-analytics/dbt,integration-postgres-py38,0.6873266583765304,0.6538239942994007,0.9135879427948139,0,1580
https://github.com/giantswarm/azure-operator,pr,0.5962527646804191,0.3823692935966228,0.6919679330655006,0.0005089058524172467,197
https://github.com/vue-styleguidist/vue-styleguidist,cypress,0.6648534160801257,0.6501318424326491,0.7660829327049368,0.5367305561068794,1091
https://github.com/rubocop-hq/rubocop,ruby-2.6-rubocop,0.6656826183952063,0.6367946439764064,0.8231321995545964,0.3048953135863506,5338
https://github.com/vanilla/vanilla,php_72_integration,0.70088941429063,0.6774915989447272,1.0097897241024367,0.24218743632647133,5148
https://github.com/anchore/anchore-engine,build,0.6216274340718272,0.5484120039912453,0.9180813802656579,0.15699740503966622,1425
https://github.com/dwavesystems/dimod,build-manylinux1_x86_64-py37,0.6084249409549825,0.501342654916037,0.6084249409549825,0.4221707724942897,65
https://github.com/Frenzie/koreader-base,lint,0.5466128880335608,0.41018139001955406,0.842360499311668,0,170
https://github.com/betagouv/mes-aides-ui,build,0.6692146284076669,0.6554874124027189,0.9553942234735389,0.4005511472845603,1910
https://github.com/angular/angular,aio_preview,0.7600888920635744,0.7083115006655132,0.9238301031197058,0,31107
https://github.com/graknlabs/grakn,test-assembly-mac-zip,0.613746105211139,0.6118776420329912,0.8160581466888609,0.37978013815116773,936
https://github.com/Automattic/wp-calypso,build-o2-blocks,0.6749135524778868,0.6583543002704833,0.7763344156930623,0.3115823326971342,36241
https://github.com/facebook/react,build,0.7142958952083585,0.6752341394046989,0.8382532632206258,0.29313151726762743,3914
https://github.com/googleapis/gapic-generator-typescript,kmsLibTest,0.67294577836283,0.655317471869616,0.7401156867649197,0.5272885842605896,2014
https://github.com/yutakatay/dotfiles,ubuntu,0.6969546166082532,0.5593141993841627,0.8510498934519835,0.07722604073284237,2494
https://github.com/bgeuken/open-build-service,spider,0.5834497232851563,0.4914536112597343,0.7901121057040625,0.21128459107897513,563
https://github.com/pytorch/vision,python_type_check,0.6930172524165277,0.6749225683116289,0.7743215682220452,0.5779547758270386,4822
https://github.com/department-of-veterans-affairs/vets-website,security-audit,0.6496933985527329,0.6412464959623895,0.6842561786554634,0.5957488469276635,17535
https://github.com/bids-standard/bids-validator,test,0.5713898893078089,0.49331663441894763,0.8878839921260573,0.13637512596166196,1028
https://github.com/Automattic/wp-calypso,build-wpcom-block-editor,0.7036262412955715,0.6409856025871264,0.8255976474149249,0,36721
https://github.com/getredash/redash,frontend-lint,0.6712661241486336,0.6526068769410271,0.7633450037330847,0.4756243598061835,4735
https://github.com/mozilla/bedrock,test_py,0.7437297747193655,0.6524716915071255,1.0576853314820598,0.0742556700411178,7239
https://github.com/Automattic/wp-calypso,build-notifications,0.6876965974423296,0.6298403240243851,0.8117167151653504,0,50367
https://github.com/Automattic/wp-calypso,build-jetpack-blocks,0.5947423833962902,0.5371310058565391,0.7482947185733835,0.015285402338727827,12195
https://github.com/wordpress-mobile/WordPress-iOS,UI Tests (iPhone 11)-1,0.5512032152770509,0.4224387434763351,0.7183373452378492,0.04857256529200064,600
https://github.com/census-instrumentation/opencensus-php,php70,0.6869910658985877,0.39532920420912515,0.6869910658985877,0,79
https://github.com/gatsbyjs/gatsby,lint,0.6914196684875296,0.682602991826135,0.9062532050261907,0.3654125989414451,37587
https://github.com/ethereum/solidity,build_x86_linux,0.6478059913735766,0.6381866613728471,0.9685575758763365,0.23639936007771378,8799
https://github.com/tmrowco/electricitymap-contrib,lint_python,0.6154973063712705,0.602933888154196,0.6751530998510599,0.4330947008043805,1447
https://github.com/angular/angular-cli,install,0.6346549704559059,0.60112735277056,0.8182191373677961,0,7528
https://github.com/qlik-oss/after-work.js,test-protractor,0.5701377827890571,0.5399043819192291,0.7159779408633528,0.2648781946368877,660
https://github.com/apollographql/apollo-link,Apollo Link Schema,0.6103663468576503,0.6154060692720316,0.7745967529641044,0.49601855013361557,1249
https://github.com/facebook/jest,test-or-deploy-website,0.6470238399611565,0.5425756306392432,0.8740315871744834,0.04769253404787067,8947
https://github.com/pytorch/vision,binary_linux_wheel_py3.8_cpu,0.39676520343673016,0.4386439926617391,0.7340062932413027,0.3005789615440261,3340
https://github.com/rubocop-hq/rubocop,jruby-9.2-ascii_spec,0.7288725877086971,0.6597700417451399,0.9354388203058632,0.07602212329798097,6135
https://github.com/facebook/buck,macos_test_android_ndk_16,0.7261415404074589,0.5826798231285709,0.7296087412781207,0.2626723859600564,983
https://github.com/googleapis/gapic-generator-typescript,lint,0.6424834004023644,0.637896909249855,0.6936603112148627,0.5713079295320728,1067
https://github.com/rubocop-hq/rubocop,ruby-2.2-spec,0.6736518636306927,0.6172022181523286,0.8829655126700141,0.226871586055405,1794
https://github.com/cloudify-cosmo/cloudify-manager,test_cloudify_types,0.6465654873448895,0.5495235429906913,0.9267710362264069,0,2674
https://github.com/PyTorchLightning/pytorch-lightning,PyTorch-v1.4,0.5752109341390912,0.5921533477793435,0.6621880924264358,0.5231796126895727,858
https://github.com/cahirwpz/mimiker,build_mips_gcc,0.6966523899561121,0.664573698803908,0.7157181312873421,0.5875094186141024,991
https://github.com/cri-o/cri-o,vendor,0.6761822479314615,0.6479693961398325,0.783503591579729,0.25071898996400677,4788
https://github.com/facebook/react,yarn_build,0.6662980232900517,0.6648051510095283,0.7255469763929832,0.5996666587167953,3616
https://github.com/zeit/now-cli,test-integration-macos,0.27651664516282254,0.27651664516282254,0.27651664516282254,0.27651664516282254,187
https://github.com/entropic-dev/entropic,cli,0.6768270669049238,0.3015129228552759,0.6768270669049238,0,571
https://github.com/mui-org/material-ui,test_material-ui-x,0.6530309284216763,0.5191984654567204,0.792676317253261,0,9239
https://github.com/syuilo/misskey,ok,0.6900400419455476,0.6681246570834958,0.6937837124869859,0.6349112206663532,1967
https://github.com/qlik-oss/after-work.js,lint,0.5111816452800678,0.5449141476884549,0.7715702547088544,0.39110312822419313,700
https://github.com/bazelbuild/rules_nodejs,test_e2e_legacy,0.7257964359246544,0.7035287492507329,0.7655380983704066,0.6266860232894006,1431
https://github.com/facebookresearch/ParlAI,unittests_gpu12,0.7266387698151333,0.4767366953293036,0.8859437714055983,0.04021593759289087,1440
https://github.com/fastlane/fastlane,"Execute tests on macOS (Xcode 9.4.1, Ruby 2.4)",0.7333033897424502,0.5875402807063648,0.7727663143473537,0.3143786153732106,692
https://github.com/gatsbyjs/gatsby,integration_tests_cache_resilience,0.34931382956139484,0.2599859164818683,0.43995675764473097,0,6632
https://github.com/SFDO-Tooling/CumulusCI,test_robot,0.5458805238272703,0.4865915466142883,0.8137820224881254,0.1579177410820325,2887
https://github.com/Rise-Vision/rise-vision-apps,e2e_template_editor,0.6928801266489805,0.6563020189359635,0.8415079627318447,0.11462695827516736,3384
https://github.com/elementor/elementor,php72-wp48-build,0.7395109997946061,0.6892144547450216,0.8473344727460899,0.3477794418800454,2134
https://github.com/os-autoinst/openQA,scheduler,0.6856253671585298,0.6528747675079077,0.7996523148267173,0.3100714646527131,3405
https://github.com/raiden-network/raiden,smoketest-parity-development-3.7-matrix,0.6398929772906021,0.5970145403439361,0.8076602119177209,0.17033000918656432,1178
https://github.com/api-platform/core,merge-and-upload-coverage,0.5617410494030954,0.5106499139912939,0.7909983304625428,0.19827017840412792,1434
https://github.com/mozilla/addons-server,build-deploy,0.7307540565430897,0.7263745734252397,0.8017432643158292,0.5826705386627481,3987
https://github.com/neomake/neomake,nvim-master,0.5019112531797882,0.43145374757930693,0.7869975461024316,0,1058
https://github.com/facebook/buck,mac_build_openjdk8,0.6477858045929396,0.5592837115725763,0.7871763974611287,0.2253386986937874,1023
https://github.com/demisto/content,Server 4_1,0.12405045808147806,0.09221092570435993,0.15331062185328584,0,2088
https://github.com/ethereum/solidity,b_ubu_cxx17,0.7679584081798211,0.538409929997646,0.7679584081798211,0,885
https://github.com/plotly/plotly.py,python-2-7-orca,0.664767478215445,0.5588728970008261,0.9341722985667033,0.05468792821102812,2351
https://github.com/apollographql/apollo-client,Apollo Boost,0.6572641924421052,0.5444442525278111,0.8084415368815239,0,1684
https://github.com/spotify/scio,build_scalafix_rules_212,0.23868561936557253,0.3263159540649051,0.6690670804626405,0.17315383007548552,2772
https://github.com/samvera/hyrax,build,0.435199481387358,0.2693912227919161,0.4818316353544132,0.016326859037680778,1242
https://github.com/lucas-clemente/quic-go,build-go1.10,0.5007795733048848,0.38421830860653816,0.7382829035491287,0,701
https://github.com/pytorch/vision,binary_linux_conda_py3.6_cu110,0.28124640856913213,0.4233336840986485,0.7485021408424579,0.22182460543394605,1224
https://github.com/nullworks/cathook,build,0.6408885170766907,0.6244615099454695,0.7348398299315432,0.5152977258305582,753
https://github.com/PowerDNS/pdns,build-recursor,0.5608848673337662,0.5697946260207084,0.7238468613437448,0.37740281916094076,2437
https://github.com/OSGeo/homebrew-osgeo4mac,update-homebrew,0.5899273725777426,0.4214208195624537,0.6300888441404434,0.14956544923519205,1683
https://github.com/facebook/buck,linux_test_heavy_integration,0.6941391744281459,0.5371042515740706,0.7966513917488984,0,909
https://github.com/electron/electron,electron-linux-arm64-debug,0.7032982356626805,0.7032982356626805,0.7032982356626805,0.7032982356626805,239
https://github.com/grafana/grafana,build-enterprise-backend-linux-x64-musl,0.6627608916233991,0.6881985689359865,0.8656342065161613,0.5444647140728835,7458
https://github.com/storybookjs/storybook,install-examples-deps,0.6514912932473546,0.5791110215331304,0.6697785733767827,0.3586320067924692,1460
https://github.com/pytorch/vision,binary_linux_wheel_py3.8_cu92,0.9376020368776035,0.7670762052060239,1.1389262385305374,0.11307880550501366,3273
https://github.com/grafana/grafana,build-all-enterprise,0.6355501609525519,0.6216639194307133,1.0337398510551172,0.23112425307748302,3260
https://github.com/artsy/emission,build-and-test,0.31734287430808045,0.2897405404849018,0.6485968994866396,0,3097
https://github.com/ENCODE-DCC/encoded,indexing,0.7222339053986732,0.7177141164604227,0.810832784233288,0.6442599447164067,1367
https://github.com/rakudo/rakudo,test-macos-1,0.714258955159002,0.6449180174180767,0.7725868828955,0.28299660437176233,1968
https://github.com/simdjson/simdjson,clang-avx-google-benchmarks,0.8845476480387889,0.6187088623973329,0.8845476480387889,0.3528700767558769,382
https://github.com/alteryx/featuretools,py38 windows unit tests,0.6849824736633464,0.6279799308610731,0.7447995509288955,0.4776215836624956,454
https://github.com/home-assistant/core,test 3.6,0.6951323264507812,0.7090471159269732,1.021805052852324,0.5706848193137821,3469
https://github.com/simdjson/simdjson,clang-avx-threaded,0.7898578115359435,0.5686735574768704,0.9076731482050113,0.2535295757914987,848
https://github.com/Automattic/wp-calypso,danger,0.491262675825961,0.4330585568518459,0.6988132259924014,0.03761116096924194,3275
https://github.com/Automattic/wp-calypso,setup-1,0.5138345028730269,0.5138345028730269,0.5138345028730269,0.5138345028730269,1174
https://github.com/citusdata/citus,test-13_check-follower-cluster,0.6516774495604385,0.6743345234187994,0.7384465053060941,0.6160108305617277,1957
https://github.com/cloudify-cosmo/cloudify-manager,test_clientv2_1_endpoints,0.6849276875648321,0.6260115068551171,1.0187462549272632,0.07856942846067114,2215
https://github.com/fishtown-analytics/dbt,integration-postgres-py36,0.7357386155153772,0.6627580249408749,0.9389389519329504,0.0781387992624836,3214
https://github.com/glpi-project/glpi,php_7_3_test_suite,0.7596167576468524,0.4795861322143016,0.9838376097898084,0.12604080148767272,3452
https://github.com/angular/angular,legacy-unit-tests-local,0.7284577069501214,0.607948444477605,0.7284577069501214,0.5430376908474467,3544
https://github.com/zulip/zulip,trusty-backend-python3.4,0.7732130536761077,0.7485668641863303,0.7732130536761077,0.7239206746965529,367
https://github.com/demisto/content,Server Master,0.537349009390024,0.45490156700667694,0.6399959315298728,0.058489514643473274,6315
https://github.com/expo/expo,babel_preset,0.7263743148644306,0.6132373489988083,0.8516804859732535,0,5867
https://github.com/facebook/react,test_build_prod,0.6838083841827087,0.6544514302416293,0.782568141409739,0.2566213727128696,3612
https://github.com/spotify/scio,build_212,0.7074223388804379,0.7094568534714057,0.9014041691192626,0.4152251131333102,4700
https://github.com/activeadmin/activeadmin,testapp60,0.23883691678473007,0.33782604667894395,0.7229408347997814,0.15847841952173466,1916
https://github.com/all-of-us/workbench,api-bigquery-test,0.1880964972089441,0.39062880572426956,0.7807266886723196,0.13723018934215775,8948
https://github.com/apollographql/react-apollo,Bundlesize,0.5690007715374201,0.5238710138317518,0.9920947459559889,0.15524821047118292,2643
https://github.com/facebook/react,test_source_www_experimental,0.6892959382610215,0.4784628040915961,0.6892959382610215,0.1769124234195094,281
https://github.com/tootsuite/mastodon,test-ruby2.5,0.6916501922632439,0.6504836970009719,0.8037862621058831,0.13158530242235109,9214
https://github.com/pytorch/vision,binary_macos_wheel_py3.8_cpu,0.5342179740354529,0.5385730935127886,0.7192910774151098,0.40485145082897467,3285
https://github.com/cucumber/cucumber,messages-javascript,0.6201058219416639,0.6428630583729815,0.7989637082702525,0.5328511468445964,2561
https://github.com/cahirwpz/mimiker,kernel_tests_mips_clang,0.6777142682864689,0.5944688306848416,0.8333982757119948,0.24576357444018154,885
https://github.com/thought-machine/please,build-freebsd,0.6424532518651855,0.6502327514926168,0.6818423497040784,0.6320038322854257,571
https://github.com/angular/components,view_engine_snapshot_test_cronjob,0.3548185054024479,0.4536473746566702,0.6338422344471276,0.23508669024165788,9367
https://github.com/hawkrives/gobbldygook,prettier,0.5602886765043428,0.4611451289372341,0.7807915987571274,0.009448403272631314,1705
https://github.com/pingcap/docs-cn,lint,0.6977072884590944,0.6668821598536986,0.8413872574284021,0.38490346707917034,14141
https://github.com/reasonml/reason,4.06.0,0.7020133670050303,0.5827548333736925,0.8362940092268728,0.07661235993011489,1429
https://github.com/ethereum/solidity,t_osx_soltest,0.7217874924665572,0.6661783446011446,0.9676630412671869,0.2979261818241551,6732
https://github.com/jumanjihouse/docker-aws,build-2,0.5798173611798769,0.5588498214891433,0.8707629998680448,0.32825477938756237,11037
https://github.com/citahub/cita,Check Basic,0.7133896369773537,0.42577216418589436,0.962983668747235,0,1180
https://github.com/apollographql/apollo-client,Apollo InMemory Cache,0.6558970573392064,0.5678361144340224,0.9985456372799102,0,1667
https://github.com/ngrx/platform,docs-tests,0.6902639441213009,0.6238433648588388,0.7609954010818959,0,1938
https://github.com/hashicorp/consul,go-test-sdk,0.7182222906316889,0.6569208366204998,0.8161103299099349,0.24515959310772412,5954
https://github.com/aeternity/aeternity,eunit_minerva,0.7502199305342073,0.7061161343722431,0.8129073204528732,0.553625003511869,3323
https://github.com/robolectric/robolectric,test_3,0.8420488458784449,0.6182296101428193,0.8828400709425209,0.19767842453384257,974
https://github.com/selfrefactor/rambda,node-middle,0.7059585874379812,0.5836529792932613,0.7625435629413573,0.2716785238831636,1513
https://github.com/plotly/plotly.py,python-3-7-orca,0.6513917962875571,0.5437533330779514,0.8482366749082517,0.04434931905146419,2312
https://github.com/googleapis/gapic-showcase,python-smoke-test,0.3725749879573149,0.46145427527694854,0.8855772643307998,0.13721009678635948,1276
https://github.com/cloudify-cosmo/cloudify-manager,py3_compat,0.592588075716686,0.597009960129229,0.7363362716498723,0.5149691486977864,1963
https://github.com/ant-design/ant-design,test_dist_15,0.7262827032389673,0.6210717386837773,0.8404686431442897,0,8321
https://github.com/diem/diem,code_coverage,0.0562848473630306,0.19825364913838076,0.8419801501942322,0.0037456173827876364,1053
https://github.com/PyTorchLightning/pytorch-lightning,cleanup-gke-jobs,0.6666867164606107,0.6586449242707507,0.6964193730158812,0.5994687189157212,3534
https://github.com/cucumber/cucumber,tag-expressions-java,0.5889068592262591,0.58001282038598,0.6641451535474133,0.4479032676806441,3467
https://github.com/electron/electron,electron-linux-arm64,0.5358228388329628,0.435187747504062,1.0041602269423122,0.13472091121650243,3467
https://github.com/facebookresearch/ParlAI,unittests_38,0.5522192398809457,0.6137410201991823,0.8739762467043127,0.46731327001708123,2093
https://github.com/robolectric/robolectric,test_4,0.7065803511427298,0.5134490977186219,0.8118797234468376,0.21118165875227898,989
https://github.com/hashicorp/consul,ember-build,0.6926662014127134,0.6443918404090089,0.8163731893959603,0.38706769086515946,8002
https://github.com/redcanaryco/atomic-red-team,validate_atomics_generate_docs,0.6723426489781534,0.5791170283749968,0.7604692575856739,0,3773
https://github.com/AusDTO/dto-digitalmarketplace-frontend,check_styles,0.6240038086056671,0.6080975349044068,0.8786879333069566,0.17716287029316805,3313
https://github.com/apollographql/apollo-link,Apollo Link Polling,0.5771773508846268,0.5888252997188369,0.7449969685857493,0.4060747191207113,1251
https://github.com/hashicorp/vault,netbsd_amd64_package,0.20808568322815155,0.2403152263716424,0.4387104214677285,0.0612186335585035,1675
https://github.com/angular/angular,build-ivy-npm-packages,0.61087439021725,0.6090999092998568,0.7792916670550442,0.2866314763399535,30815
https://github.com/rubocop-hq/rubocop,ruby-2.3-rubocop,0.6788366097832308,0.677103792133742,0.7914101237109554,0.5273091974194862,3510
https://github.com/gatsbyjs/gatsby,e2e_tests_gatsby-static-image,0.26482595622415106,0.2593341877249769,0.27893262318809875,0.23291565116327,1909
https://github.com/reactioncommerce/reaction,snyk-security,0.6537011283534444,0.6276225692795382,0.7542810832542842,0.4911620347721545,3112
https://github.com/heroku/cli,node12-test,0.5100327941863688,0.6114391298325533,0.7773991173688599,0.38562549242755884,831
https://github.com/Azure/acs-engine,k8s-windows-1.8-release-e2e,0.6413041314212983,0.673435214220877,0.7490567326044234,0.6299447786369092,697
https://github.com/badges/shields,integration@node-14,0.624828131215726,0.6288626419609705,0.684569434544122,0.5956065784354297,1464
https://github.com/palantir/conjure-java-runtime,compile,0.4437808643354133,0.46879306203604704,0.8131250220113898,0.38459255652398067,2043
https://github.com/square/okhttp,checkjdk8,0.7084089799316438,0.6597044737717107,0.8235757007539686,0.5062009806188859,1006
https://github.com/PowerDNS/pdns,test-recursor-api,0.6552171061391469,0.6510636606262201,0.7664777528976714,0.35320624843666765,2409
https://github.com/babel/babel,build-standalone,0.6995043585616817,0.6358876487201056,0.7947818590557987,0.3576136536922726,3444
https://github.com/citahub/cita,Check Contracts,0.5446220630812048,0.5056168118362986,0.7070287219750323,0.19924254898732105,805
https://github.com/envoyproxy/envoy,clang_tidy,0.5986581413981102,0.5680117079365519,0.7437574159964586,0.3162144616031935,9747
https://github.com/pingcap/docs-cn,build,0.512153285819851,0.4754065500214538,0.7464563480219532,0.06576714067692646,2251
https://github.com/decaffeinate/decaffeinate,node-v10-latest,0.7188355155369662,0.6963238354918493,0.8171847423174822,0.5914186319389443,1446
https://github.com/KissKissBankBank/kitten,build_and_test,0.7474877407142355,0.704881997272482,1.0045555759465195,0.37402715859690494,3388
https://github.com/diem/diem,terraform,0.7065501897498242,0.6851869639603717,0.8651175009949018,0.3340209169214885,24925
https://github.com/grafana/metrictank,test,0.6109499780642799,0.5484110511708851,0.8205471005554468,0.04155054517245437,3080
https://github.com/tootsuite/mastodon,build,0.7389802940556499,0.6743838954753925,0.9035437599854147,0.08863617411608195,13521
https://github.com/hashicorp/consul,nomad-integration-master,0.715029740254788,0.7186611255502077,0.8135033020156515,0.6110857009650597,10991
https://github.com/activeadmin/activeadmin,ruby26rails60turbolinks,0.197969287736547,0.2860619887519421,0.7210172043331071,0.14115309980704926,1451
https://github.com/electron/electron,electron-linux-arm64-testing,0.7286312541474684,0.7286312541474684,0.7286312541474684,0.7286312541474684,239
https://github.com/LLK/scratch-gui,build,0.6626448552232668,0.6920638650917964,0.7941908998097674,0.5455667575168026,2418
https://github.com/prometheus/prometheus,build,0.6716604253411314,0.6073143811524907,1.0717873754553482,0.04969376492806045,6852
https://github.com/storybookjs/storybook,react-native,0.7272435043096744,0.6082661073297897,0.8713874265071665,0.12137294317829511,1925
https://github.com/cucumber/cucumber,create-meta-java,0.7270845993161245,0.673965078340915,0.8179224547435394,0.19666178250621133,1475
https://github.com/cloudify-cosmo/cloudify-manager,test_premium,0.6921431705169668,0.6819374584177099,0.9413521424081344,0.2764630047526555,5005
https://github.com/angular/components,snapshot_tests_local_browsers,0.626762452910376,0.5397494129494121,0.8151366245840692,0.08433604920951925,12596
https://github.com/storybookjs/storybook,install-e2e-deps,0.713557003573047,0.6286457249640237,0.7368306211006361,0.4404773360599146,1491
https://github.com/aeternity/aeternity,windows_package,0.5862845493336003,0.474676520909564,0.6483164858971635,0.3591918794719866,1228
https://github.com/spotify/scio,build_212-jdk11,0.632819295824306,0.6417020623224551,0.91348396035039,0.477561916252575,2285
https://github.com/scalyr/scalyr-agent-2,unittest-37,0.6624208291767854,0.6055368436974176,0.7902130309231504,0.31009586519615656,680
https://github.com/SFDO-Tooling/CumulusCI,lint,0.6145616319172081,0.6039397885756639,0.732907606891623,0.4945439363807829,3243
https://github.com/decidim/decidim,surveys,0.7870488795808881,0.7503447302805745,0.8824082863239114,0.39075249717955907,5929
https://github.com/cucumber/cucumber,tag-expressions-javascript,0.6151694436523192,0.6187723562635622,0.7746262955172832,0.31439361374157576,3489
https://github.com/pytorch/vision,binary_linux_conda_py3.5_cu92,0.5820144592911937,0.48657752898591955,0.8979519408334503,0,1263
https://github.com/RocketChat/Rocket.Chat.Android,build-kotlin-sdk,0.4252765439290748,0.48947642103681765,0.9410504316931169,0.12461019943502165,2433
https://github.com/cBioPortal/cbioportal-frontend,end_to_end_tests_IE11,0.648420204600757,0.6132224453398649,0.7311110592177308,0.4116041253630165,1859
https://github.com/pytorch/vision,binary_linux_conda_py3.6_cu102,0.3135922011768667,0.47746250863636863,1.176620566250834,0.2044026599057738,2493
https://github.com/LLK/scratch-gui,unit,0.6889449909732924,0.6101048218196752,0.8224509271734487,0.2691364082141558,1650
https://github.com/mozilla/addons-server,build-py2,0.767115133654935,0.764997149991351,0.767115133654935,0.7628791663277672,362
https://github.com/simdjson/simdjson,clang6,0.6311356737856476,0.539619669190915,0.7815152579953053,0.07836215355327936,1437
https://github.com/citusdata/citus,test-12_check-mx,0.6818290487566976,0.6924285657819516,0.7518920278560902,0.6399422488489466,1750
https://github.com/electron/electron,linux-arm-debug,0.31158733538800837,0.4007301909593501,0.9356981215563502,0.19025357027957662,12245
https://github.com/drud/ddev,golang_test_apache_cgi,0.6341343473609912,0.6576374073427061,0.8715846921732888,0.3682967453642859,687
https://github.com/influxdata/influxdb,jstest,0.7367024044029585,0.7351629734931775,0.962106224958034,0.155159702643012,19001
https://github.com/gatsbyjs/gatsby,e2e_tests_gatsbygram,0.1959804498864746,0.19679724711761093,0.40841266559118256,0.10816999141138824,9056
https://github.com/cornerstonejs/cornerstoneTools,build,0.635035035837552,0.5196023873656475,0.7373765785160745,0.12890281362850423,1108
https://github.com/facebook/react,RELEASE_CHANNEL_stable_yarn_test,0.6709940457506357,0.5866035475231202,0.8435526315748598,0,2738
https://github.com/circleci/circleci-docs,js_build,0.69041963840254,0.6570734088947058,0.7391872885711113,0.5773512000368445,22203
https://github.com/plotly/plotly.js,build,0.7224167300872932,0.6957710717703395,0.9916146377642454,0.4074261627643479,9838
https://github.com/pytorch/vision,binary_linux_wheel_py3.7_cu100,0.5188466357735606,0.4740542939016428,0.6832624258451804,0.19944668696618323,1403
https://github.com/openlayers/openlayers,build,0.6668152227245532,0.5862854455489914,0.9413933097669063,0.04630564759362817,2310
https://github.com/elementor/elementor,php54-wp47-build,0.7824557317186194,0.7020843572240995,0.9058613899801882,0.5262324025724555,2120
https://github.com/mui-org/material-ui,test_browser,0.7476886841687646,0.6011465425108815,0.9135774898960475,0,12312
https://github.com/LessWrong2/Lesswrong2,build,0.6700811762869726,0.6827383088310454,0.7921444482398682,0.5343773444826129,4270
https://github.com/artsy/reaction,auto/publish-canary,0.3448677556348316,0.42069816433021606,0.6974454271819759,0.16713059861924767,879
https://github.com/pytorch/vision,python_lint,0.593460940771775,0.5979980390593138,0.7513669544530256,0.5033088402455583,5374
https://github.com/apollographql/apollo-client,Apollo Client Monorepo,0.7053062758833202,0.5545143953525914,0.8830614082673016,0.1160847508206504,5973
https://github.com/Harmon758/Harmonbot,test-golang,0.6937719871435915,0.6722316591511058,0.7931626345794571,0.3800340301519555,6886
https://github.com/theQRL/QRL,integration_fuzzing,0.4900941199001921,0.4275091764283717,0.8659388971277436,0,723
https://github.com/ant-design/ant-design,test_dom_15,0.7575464108893599,0.7008798938367766,0.9071815773076188,0.2068021945496877,8243
https://github.com/Rise-Vision/rise-vision-apps,e2e_editor,0.6665864149318288,0.6679748531642034,0.7799358202653423,0.5930861894328652,3663
https://github.com/ethereum/solidity,b_bytecode_ems,0.6983801581816917,0.628681177333777,0.7040795613312615,0.5230720190654321,2103
https://github.com/ethereum/solidity,b_ubu_clang,0.771398760698381,0.6307237182220917,0.9476473240864788,0,9778
https://github.com/cahirwpz/mimiker,build_aarch64_gcc,0.6938004122545844,0.6629331258999115,0.7972320422061959,0.5380991012456212,955
https://github.com/pytorch/vision,binary_macos_conda_py2.7_cpu,0.8225896106493653,0.7471210635273523,0.9978093352474334,0.5324250753801368,753
https://github.com/envoyproxy/envoy,release,0.3581431847608452,0.4612384629660612,1.1095677748009505,0.00499402018689712,14370
https://github.com/expo/expo,web_storybook,0.7135421071483338,0.5142639309703229,0.7538879571881988,0.08217177751227882,1111
https://github.com/Rise-Vision/rise-vision-apps,dependencies,0.6919398632443966,0.6788843977635043,0.9517702749305448,0.34406552015269853,5653
https://github.com/LessWrong2/Lesswrong2,test,0.7374726192308049,0.6948604610356784,0.9160857519972265,0.34057542646232436,3024
https://github.com/influxdata/influxdb,jsdeps,0.6489348800437138,0.6435085580380356,0.6489348800437138,0.6380822360323575,573
https://github.com/hashicorp/consul,envoy-integration-test-1.13.6,0.3716103109216779,0.45452978817658535,0.7326827055618621,0.3229528258812971,1136
https://github.com/department-of-veterans-affairs/vets-website,build-e2e,0.7259726963584144,0.633109829206123,1.056317258264371,0.3645425420223828,10066
https://github.com/moul/assh,docker.build,0.6863523966696986,0.4497492406794112,0.6863523966696986,0,1075
https://github.com/facebookresearch/ParlAI,unittests_gpu16,0.5436454922027001,0.4751389668831541,0.9026216271036785,0.23167968830934457,921
https://github.com/citusdata/citus,test-11_check-iso-work-fol,0.6617126024058166,0.5563775779350507,0.8699070079027305,0.13769342847349955,6929
https://github.com/quiltdata/quilt,test-lambdas-search,0.6860927839411349,0.6621248218141752,0.7489854667229056,0.5693334791386755,1299
https://github.com/ory/hydra,goreleaser/test,0.6295637174389412,0.600762012587412,0.7200344310476519,0.09101317427122332,1361
https://github.com/questdb/questdb,build,0.38982163714294205,0.34231895430688297,0.5212413641818089,0.0939618999157714,1148
https://github.com/hashicorp/nomad,test-windows,0.7363081662546234,0.7169081314345436,0.7975715980761549,0.6025424728019145,3406
https://github.com/facebook/buck,macos_test_android_ndk_18,0.6864609625135902,0.51864142128896,0.7216831494195362,0.018724942063297313,988
https://github.com/alteryx/featuretools,py37 lint test,0.6802621248947975,0.6417041647529793,0.8698780569877435,0.29154693486137645,987
https://github.com/drud/ddev,golang_test_apache_fpm,0.6540976971416349,0.6378326166234184,0.7471504665543802,0.3900964856284126,687
https://github.com/rubocop-hq/rubocop,ruby-head-spec-with-jit,0.6564525330367097,0.6640124505210201,0.7617484193866133,0.5909879184184279,919
https://github.com/mapfish/mapfish-print,build,0.6715854683899074,0.6684475733213521,0.868193852807907,0.4621905110075117,1877
https://github.com/ethereum/solidity,t_ems_compile_ext_colony,0.6842681816452255,0.7041505292125493,0.8082505730468815,0.627281635631678,8244
https://github.com/dockstore/dockstore,build,0.2777928194192603,0.3032052065543276,0.9661465266171637,0,2719
https://github.com/elementor/elementor,php-js-lints,0.7174896785188933,0.6950084145229526,0.7889189122433569,0.5762573544141505,1987
https://github.com/tootsuite/mastodon,check-i18n,0.6804492447601661,0.6906941845198645,0.9388024839613461,0.5934472088496943,13133
https://github.com/home-assistant/core,test 3.5.5,0.6828866696337055,0.714264822176566,1.0745119210790999,0.5667888831559942,3420
https://github.com/hashicorp/packer,test-windows,0.7489867763739841,0.7415591682144459,0.7996359317943524,0.6757220305508005,3987
https://github.com/cri-o/cri-o,ginkgo,0.7074224080434618,0.5601034968339277,0.7847537276699734,0,1482
https://github.com/fluxcd/flux,helm,0.5624730862093951,0.5512857530438886,0.684489234238263,0.41664398157333116,1822
https://github.com/pytorch/vision,binary_linux_wheel_py2.7_cu100,0.5597825062075059,0.5054510819189107,0.6908994341448279,0,996
https://github.com/composewell/streamly,GHCJS 8.4 + no-test + no-docs,0.38673232852132977,0.4348980447068079,0.5102143264067943,0.38673232852132977,260
https://github.com/neomake/neomake,coverage,0.5988572922204312,0.43203500571108067,0.7613412498082259,0,711
https://github.com/raiden-network/raiden,test-3.7-mocked,0.6640744496036224,0.63984785997314,0.7001619725384651,0.4816025998216719,1187
https://github.com/robolectric/robolectric,build,0.6364273624228914,0.5548926459204906,0.8552663836956067,0.12869645735764734,6838
https://github.com/ethereum/solidity,b_ubu_static,0.6893658195896736,0.6969824547186956,0.7113960098600741,0.6859843690386398,2088
https://github.com/cahirwpz/mimiker,compile,0.7004213437027534,0.6066805591571113,0.906344562010629,0.07393002541687561,1080
https://github.com/palantir/conjure-java-runtime,trial-publish,0.4232311393333387,0.4266691067229173,0.8009605996244716,0.19562810945342132,1592
https://github.com/dequelabs/axe-core,test_examples,0.6448363669006844,0.6651384654819987,0.8720800399137364,0.5192971922027867,2291
https://github.com/hashicorp/nomad,test-docker,0.5395687969949524,0.5721200249848187,0.8934581599968557,0.35999103730151055,7820
https://github.com/apollographql/apollo-client,Tests,0.5325370603533619,0.5663570487653468,0.7539991919302372,0.47846123783754263,4015
https://github.com/rakudo/rakudo,test-macos-2,0.6701189551124702,0.6407988474195332,0.8045709421653305,0.17903740629216058,1929
https://github.com/freedomofpress/securedrop,fetch-tor-debs,0.7315179084459353,0.22763250267485857,0.808999312049769,0,610
https://github.com/gatsbyjs/gatsby,integration_tests_artifacts,0.1830961172394073,0.2788315759013144,0.46497194948647663,0.10764021118130344,3744
https://github.com/hashicorp/packer,build_windows,0.6655989859781665,0.6868507552135393,0.8618770285970856,0.5392223591848865,5837
https://github.com/grafana/loki,build/docker-driver,0.6957073004947496,0.6790587783285174,0.8308816662858847,0.5722111457491247,2666
https://github.com/facebook/buck,linux_test_android_ndk_18,0.7464162156953941,0.5989988712341712,0.9749907603085276,0,1025
https://github.com/hashicorp/consul,envoy-integration-test-1.13.0,0.32769612553451055,0.309529238081773,0.41975253609624386,0.15776681747205618,641
https://github.com/bootstrap-vue/bootstrap-vue,setup,0.6209569562317836,0.596426352868588,0.8998685689853518,0.3459268639990976,19330
https://github.com/cloudify-cosmo/cloudify-manager,test_clientv3_infrastructure,0.6854620149214993,0.6521028786666893,0.9677380856476336,0.2762687624595701,2324
https://github.com/zulip/zulip,bionic-production-install,0.752361635241308,0.7115481868349269,0.8176868071212413,0.5232538861075079,3991
https://github.com/compsocialscience/summer-institute,build,0.7297627132506482,0.7021402440763258,0.8546090830686967,0.5864991073081013,3444
https://github.com/ethereum/solidity,t_ems_compile_ext_gnosis,0.6732575773463295,0.6984677914991894,0.8282003463457018,0.4703835372299906,8203
https://github.com/gatsbyjs/gatsby,theme_starters_publish,0.6580230308052896,0.6580230308052896,0.6580230308052896,0.6580230308052896,199
https://github.com/envoyproxy/envoy,coverage_publish,0.5315322571559361,0.4728234428218714,0.5780264585488144,0.1723011794597636,6988
https://github.com/ethereum/solidity,t_ems_test_ext_ens,0.7110877744859588,0.6078756874906123,0.7110877744859588,0.5046636004952657,715
https://github.com/artsy/force,test,0.5921953466315233,0.524891816344508,0.9791423329334256,0.09887229513307288,5933
https://github.com/alteryx/featuretools,py38 install featuretools,0.6900264327045251,0.5020524845141622,0.6922677928373145,0,608
https://github.com/badges/shields,services@node-14,0.6103422540594098,0.6184250250685899,0.6882813587571027,0.5180371053413192,1058
https://github.com/facebook/react,test_devtools,0.6824980850766311,0.6355900975532177,0.7300199943510495,0.5382136193190957,1082
https://github.com/vanilla/vanilla,chromatic_test,0.7291885696470325,0.6075111321086486,0.82534603390553,0.11808914525844416,2588
https://github.com/MCS-Lite/mcs-lite,test-page,0.7625588235846502,0.2947802107295114,0.7625588235846502,0,673
https://github.com/cucumber/cucumber,messages-go,0.754815737791477,0.7524977240964105,0.8944730688662468,0.49904840257116284,2556
https://github.com/Azure/acs-engine,k8s-windows-1.9-release-e2e,0.6855912388162474,0.6519051117562707,0.8772688838892653,0.47525485407076595,1288
https://github.com/cucumber/cucumber,json-formatter-ruby,0.6516644899100643,0.6488146642311632,0.6920612136051572,0.5885771459414397,1699
https://github.com/samvera/hyrax,lint,0.7487098119634703,0.6630145086104062,0.9546289615335762,0,2545
https://github.com/citusdata/citus,test-12_check-multi,0.686452049852899,0.5987830267692538,0.739116984945117,0.3294134275618372,5433
https://github.com/badges/shields,frontend,0.6626422311754733,0.6320265872950576,0.9431795089841271,0.13342138011890417,13072
https://github.com/citusdata/citus,test-12_check-non-adaptive-isolation,0.8117083248469189,0.32096351498776277,0.8117083248469189,0,237
https://github.com/alchemy-fr/Phraseanet,build,0.7084724590399494,0.6172266377159396,0.9844141219323151,0.13121730369837495,2478
https://github.com/googleapis/gapic-showcase,protobufjs-load-test,0.5899268121814251,0.5395781185324638,0.7165501420201035,0.30406829312291644,1794
https://github.com/facebook/react,yarn_test-www_prod_variant,0.6945328446424046,0.6880849191075966,0.7320940858734271,0.6312770794016347,754
https://github.com/gatsbyjs/gatsby,theme_starters_validate,0.14742423537072408,0.14742423537072408,0.14742423537072408,0.14742423537072408,390
https://github.com/gatsbyjs/gatsby,e2e_tests_runtime,0.20098136105689407,0.17611646709270304,0.2871037774540242,0.06067421614128434,2665
https://github.com/googleapis/gapic-generator-typescript,showcaseLibTest,0.647654021335684,0.627980161576118,0.7374994432006884,0.4550579260943827,2007
https://github.com/olistic/warriorjs,test-node-9,0.6070322014140312,0.4832580981721322,0.7570378592797483,0,380
https://github.com/anchore/anchore-engine,lint_36,0.6609894426002731,0.5396261742833728,0.6609894426002731,0.24613970861988707,351
https://github.com/electron/electron,linux-checkout-fast,0.38651891086360085,0.3517665969394559,0.4257180719475908,0.19245584531142054,14240
https://github.com/cucumber/cucumber,gherkin-go,0.645994973119474,0.6603982293103543,0.7301497475178451,0.581916593809699,3407
https://github.com/api-platform/core,behat-mongodb-coverage,0.7113073849207633,0.7087317315865906,0.8562391633335875,0.5261887069657658,798
https://github.com/ethereum/solidity,build_x86_mac,0.7007084321163497,0.6849273169011464,0.7301657235991427,0.5970621500934028,8422
https://github.com/ethereum/solidity,test_x86_archlinux,0.4830288753201926,0.4776362337505451,0.5508087401127185,0.3520338362995214,4044
https://github.com/demisto/content,Run Unit Testing And Lint,0.14167922114450388,0.22262633264496412,0.7229385075291587,0.02632867881574482,14434
https://github.com/storybookjs/storybook,cli,0.7107002860612517,0.6735355993507296,0.8394495144175272,0.34344077374392934,1469
https://github.com/projectbuendia/buendia,build,0.6831145834599176,0.6563804923752852,0.818040150334551,0.3242586950202727,722
https://github.com/facebook/jest,test-browser,0.8193545872209019,0.7136594770972798,1.015853500651558,0.05106150581365321,8128
https://github.com/Azure/acs-engine,swarm-e2e,0.5002319334750278,0.4637189653986423,0.5631831723990206,0.36356521445570317,738
https://github.com/cds-snc/digital-canada-ca,test,0.6741597278005125,0.6539766661955599,0.8005699328470774,0.5078698072868895,4796
https://github.com/ethereum/solidity,t_win,0.740117768077035,0.7436327359180475,0.846905787532426,0.5699484490544751,1984
https://github.com/RocketChat/Rocket.Chat.Android,build-foss-apk,0.6094458479366796,0.5620382642593911,0.6939910071268838,0.31314130560612924,1226
https://github.com/pytorch/vision,binary_macos_conda_py3.6_cpu,0.49714949349596,0.5634191420495003,1.0246533486774432,0.15003293805126555,3443
https://github.com/facebook/react,test_source_fire,0.6772202527083291,0.6508606047482179,0.6772202527083291,0.6325761764995546,584
https://github.com/pytorch/vision,binary_linux_wheel_py2.7u_cpu,0.6829815725616827,0.5610487184264932,1.0180798444820773,0.11382634625147933,992
https://github.com/cucumber/cucumber,create-meta-javascript,0.6387918803722755,0.5716479325687737,0.6548631553940172,0.13639558440484553,1484
https://github.com/facebook/react,yarn_test-classic_prod,0.6864495273388714,0.6504150262269438,0.6864495273388714,0.5909524794354106,758
https://github.com/facebook/buck,linux_test_android_ndk_16,0.8041141136114348,0.5940992605092478,0.8305654572700384,0,1017
https://github.com/uktrade/data-hub-frontend,lep_staff_at,0.6933021837646537,0.6743818771912157,0.8877629697217029,0.07760133665220595,2721
https://github.com/userdive/agent.js,test,0.5487132206190916,0.6110788074563424,0.7632910173983086,0.5212321843516271,484
https://github.com/grpc-ecosystem/grpc-gateway,test,0.6765876083717626,0.5948226642786362,0.8201497374025785,0.1523841211701501,2286
https://github.com/raiden-network/raiden,smoketest-udp-3.6,0.5330095017647924,0.5332941800079835,0.5869967416946051,0.4798762965645528,795
https://github.com/envoyproxy/envoy,compile_time_options,0.7949130120559939,0.6404765983960343,0.8293644744735538,0.0961911626101901,5923
https://github.com/ethereum/solidity,b_ems,0.7671583638007462,0.7349783856786561,0.8984562560459894,0.29992857312703447,11884
https://github.com/elementor/elementor,php54-wp49-build,0.6754879647546556,0.6634139373068686,0.7109476904259868,0.6143046610704112,454
https://github.com/algolia/algoliasearch-helper-js,build,0.6925753899908104,0.5355951083650594,0.7782629127116678,0.03834609884694293,636
https://github.com/rubocop-hq/rubocop,ruby-head-rubocop-with-jit,0.7559513094415614,0.7170750703990244,0.8196773377166664,0.580330574572492,997
https://github.com/algolia/instantsearch.js,test_unit,0.6848449302265883,0.6328448835013712,0.8259060357618486,0,2783
https://github.com/palantir/conjure-java-runtime,unit-test,0.49179405387066305,0.4415085657064955,0.5431739661283981,0.2796539015636442,1712
https://github.com/artsy/reaction,type-check,0.694842707242406,0.6922061454642681,0.83419575400285,0.5427280084884291,2851
https://github.com/apollographql/apollo-server,NodeJS 12,0.603100944499134,0.5375609966482925,0.7879562646168373,0.306469227164746,7108
https://github.com/forcedotcom/salesforcedx-vscode,unit-tests,0.7493492464344197,0.7386021856340552,0.8053979865292713,0.6556167461218271,2084
https://github.com/massgov/mayflower,build,0.7058650387260852,0.5221839762087889,0.730552857179615,0.20279294296067998,829
https://github.com/raiden-network/raiden,test-unit-3.6,0.6043056385524183,0.6150487610851623,0.6382849731559777,0.6025556715470909,768
https://github.com/PyTorchLightning/pytorch-lightning,PyTorch-v1.1,0.5523182219855666,0.6262705793331625,0.7381812981093064,0.5523182219855666,871
https://github.com/ory/hydra,test,0.6205027431563166,0.5664661030504919,0.8110755103077991,0.11101474771530404,2248
https://github.com/angular/angular,test_saucelabs_bazel,0.7161411875509893,0.640395864481279,0.7511656048250088,0.31341525584172303,6413
https://github.com/Azure/acs-engine,k8s-linux-default-e2e,0.5715473905960055,0.53668726586844,0.610503470234944,0.32334138080115277,2231
https://github.com/Automattic/simplenote-electron,artifacts,0.690940514973462,0.6394044483305201,0.9030002195508127,0.25870245951279436,2994
https://github.com/tootsuite/mastodon,install-ruby2.6,0.6299468842370648,0.5990265536766468,0.7302031288538345,0.3338164051274562,10414
https://github.com/artsy/force,jest-v2,0.7160658564556039,0.7065743174195578,0.7536797809313027,0.6337205486116033,1138
https://github.com/nusmodifications/nusmods,nus-scrapers-v2,0.6965713951590714,0.6639659832970913,0.7998565289650316,0.5267254399506476,10573
https://github.com/bazelbuild/rules_nodejs,setup,0.7049365870341471,0.6776604025356695,0.8090645208525895,0.5470451171433339,5559
https://github.com/expo/expo,android_test_suite,0.6020393430526245,0.4646539969965564,0.636074515115098,0,1664
https://github.com/electron/electron,linux-x64-testing-verify-ffmpeg,0.6033625861815843,0.6126388649724919,0.6219151437633994,0.6033625861815843,459
https://github.com/LLK/scratch-gui,store_dist,0.7194257574181389,0.6165019815089415,0.9024891606142426,0.10581213782840536,2409
https://github.com/wordpress-mobile/WordPress-iOS,UI Tests (iPhone 11),0.6129351785128465,0.545811153857333,0.8063889671369654,0.23911092981738027,2333
https://github.com/simdjson/simdjson,gcc-avx-dynamic,0.8191844748137354,0.6650482318209093,0.887236568149667,0.2402704139827147,1224
https://github.com/tendermint/tendermint,test_p2p_ipv6,0.7356170689388652,0.5371383712962674,1.0428592655452307,0.0780170597629371,3217
https://github.com/aeternity/aeternity,test_lima_otp21,0.6839417622060197,0.38825618873689044,0.6839417622060197,0,466
https://github.com/angular/angular-cli,e2e-cli-win,0.6530718183443677,0.6400378506980785,1.0017132581802737,0.3046677572364366,2647
